no,title,format,cat1,cat2,cat3,what,material,medium,pagelink,imglink,year,month,date,days,In h,hours
1,10 Second Reverberations,Experience,Audiovisual,,Piano,Interactive audiovisual experience on piano.,Piano,Physical,https://karynnakamura.com/post/640720433568743424/10-second-reverberations-a-sound-exists-not-only,https://64.media.tumblr.com/dda087848995b3f93839fd45be9e9c94/e439cd4add15c03d-32/s540x810/c4a4f04801ed269d14cd700c41c6190b18b3130a.gifv,2020,May,5/21/2020,0,0,35
2,Clutter Type,Experience,Misc,,,Interactive program on computer.,Computer,Physical,https://karynnakamura.com/post/640718493224927232/clutter-type-inspired-by-my-messy-end-of-semester,https://64.media.tumblr.com/b39b97e859c98fb5ab087392e0ae507f/6ca4aa4b72c89ef0-5f/s540x810/87434c583054e8405fde1ed109bc06561c2806a5.gifv,2020,June,6/19/2020,29,696,8
3,Home Tones,Experience,Audiovisual,,Piano,Interactive audiovisual experience on piano.,Piano,Physical,https://karynnakamura.com/post/640718446146011136/home-tones-i-was-curious-of-how-the-colors-of,https://64.media.tumblr.com/2d3004868d5703ee6482b37b46f9aa6e/ff24ee7d7dd149fd-0b/s1280x1920/60ef4f660208395bd9ee13786b54b8cb0d15fc29.png,2020,July,7/6/2020,46,1104,12
4,Women in the Japanese Workforce,Website,Website,,Dataviz,Data visualization website.,-,Digital,https://karynnakamura.com/post/640718516285227008/women-in-the-japanese-workforce-data-visualization,https://64.media.tumblr.com/1da0dd16006a55c99e50937dc3796ccd/ab2da8d7d700ca9e-fb/s1280x1920/60d87531bda364b0105971b8d3cafb45259c3d0a.png,2020,August,8/2/2020,73,1752,15
5,House of Representatives,Website,Website,,Dataviz,Data visualization website.,-,Digital,https://karynnakamura.com/post/640720637494689792/house-of-representatives-data-visualization-of,https://64.media.tumblr.com/1351114d7f6720319d38bc9aeb1437c9/02226618dd9f28df-c6/s540x810/5914ddd87944a7f2b7df93c18ad3901b741b6362.gifv,2020,August,8/9/2020,80,1920,20
6,Slaughter Beach Dog Safe and Also No Fear Audiovisual,Video,Audiovisual,,Distorted,Audiovisual video.,-,Digital,https://karynnakamura.com/post/640720306086035456/album-cover-audiovisual-slaughter-beach-dog-safe,https://64.media.tumblr.com/e307c0e6ed4bd0862ac96d01228a0c62/b323914696c2a015-7a/s540x810/8d02ace59dce77aa1c8daa529ab9d85bda2a1d46.gifv,2020,August,8/20/2020,91,2184,18
7,,Image,Graphic Design,,Distorted,Distorted photo.,-,Digital,https://karynnakamura.com/post/645245973184036864/wonky-sunset-today,https://64.media.tumblr.com/4de641d52d91d7667fe6f9cba9083406/7ce9e2a25e9c3ef6-b8/s1280x1920/5da8e27587b2a32f1b8ba3cc45b0a72b863ddd4c.jpg,2020,September,9/10/2020,112,2688,0.2
8,,Image,Graphic Design,,Distorted,Distorted photo.,-,Digital,https://karynnakamura.com/post/645246392379506688,https://64.media.tumblr.com/ed9e5b249cbf7547bbdafbd35ca8c1cc/f61b8c9d7276e1d1-d2/s540x810/75fd7c1a3abb5c626c30017c464d9613ff5a96d3.gifv,2020,September,9/11/2020,113,2712,0.2
9,Kodak ProImage 100 August 2020 Roll,Image,Graphic Design,,,Image average.,-,Digital,https://karynnakamura.com/post/646362873172508672/image-average-of-a-roll-of-kodak-proimage-100-film,https://64.media.tumblr.com/9d26e382c0c53bd5955a659eb79c4e74/d2018fec03c07c8d-ad/s1280x1920/2513048e67150b47ce6deb8d055c35e8d44c30a0.jpg,2020,October,10/1/2020,132,3168,0.5
10,Joy Division Unknown Pleasures Audiovisual,Video,Audiovisual,,,Audiovisual video.,-,Digital,https://karynnakamura.com/post/640720116707999744/album-cover-audiovisual-joy-division-unknown,https://64.media.tumblr.com/d8f359de237a846506f86c06619494c6/dfff839cbc666253-7c/s540x810/92f815768cf25acc85c775bf28dae96bb9c171f9.gifv,2020,October,10/5/2020,136,3264,12
11,(I worship Lillian Schwartz),Video,Motion Graphics,,Distorted,Motion Graphics.,-,Digital,https://karynnakamura.com/post/645248574945427456,https://64.media.tumblr.com/ed28b63d53110e8c862999aca50bb2ef/77ac024cffc43ded-24/s400x600/4048befe5e0a5e2365bbc632b2645cf5bea25e64.gifv,2020,October,10/10/2020,141,3384,3
12,Oil and Water,Video,Motion Graphics,,Distorted,Motion Graphics.,-,Digital,https://karynnakamura.com/post/645244437287534592/oil-and-water,https://64.media.tumblr.com/fc51729dac79f585ad957be8f4f4e2c7/8b7d1b73d4c803ff-f7/s540x810/f19137122cb9ec1e61c67455deef9ae6eae6c9e6.gifv,2020,October,10/22/2020,153,3672,0.2
13,Trails,Experience,Projection,,,Interactive projection.,"Projector, Kinect",Physical,https://karynnakamura.com/post/640718612380909568/trails-inspired-by-camille-utterbacks-interactive,https://64.media.tumblr.com/07ffe12c85ab1c0aa65308c91f1b7860/57898d783d3b3f76-d5/s540x810/d70710b4acfc289ec97191723983e20b6f30bd4a.gifv,2020,November,11/5/2020,167,4008,10
14,,Image,Misc,,Distorted,Distorted photo,-,Digital,https://karynnakamura.com/post/645247004064235520,https://64.media.tumblr.com/250c87bda84e29f5b1a0aea71a2d98c2/acade87721eae1a7-ac/s1280x1920/f04388f284549c886c77c9e9f6a5dc356779e5df.png,2020,November,11/10/2020,172,4128,2
15,,Image,Misc,,Distorted,Distorted photo.,-,Digital,https://karynnakamura.com/post/645248451459907584,https://64.media.tumblr.com/6e46cf99e0ad320d68f3d29a86cf188c/25944fac7bf72407-81/s500x750/059c39f40cbe75f2714b712ef6271db5f4053011.gifv,2020,November,11/11/2020,173,4152,2
16,Visualize NYC 2021,Website,Website,,Dataviz,Data visualization website.,-,Digital,https://karynnakamura.com/post/640720212646313984/visualize-nyc-2021-data-visualization-of-rent,https://64.media.tumblr.com/a0257103b837bd9e707b37b0bab542e0/efa32362a7b28037-e7/s1280x1920/6ce3ea3806efd0956028a9263d4b135319a18b05.png,2020,November,11/20/2020,182,4368,40
17,"STOMP - A loud typeface for messages that need to be heard.
",Website,Graphic Design,,Performance,Interactive website.,-,Digital,https://karynnakamura.com/post/640718973392093184/stomp-a-loud-typeface-for-messages-that-need-to-be,https://64.media.tumblr.com/1d6f43661e5844c729d9f485af4a3fd4/0be7fd8695a273bd-0f/s540x810/b7645f1c206b7571bda9a55bbd9eab66a91313a4.gifv,2020,November,11/27/2020,189,4536,30
18,Box No.5,Video,Misc,,,House design and audiovisual architectural render.,-,Digital,https://karynnakamura.com/post/640720564310441985/box-no5-a-small-reinforced-concrete-box-that,https://64.media.tumblr.com/fc2ecda1962209965b67caf93efca1b2/b93e843ab229035e-1c/s540x810/369ad4609d8077182e8d758154796e5329df44d4.gifv,2020,December,12/3/2020,195,4680,45
19,Desktop Explorer,Website,Website,,,Interactive website.,-,Digital,https://karynnakamura.com/post/640719058019516416/desktop-explorer-travel-through-the-physical-and,https://64.media.tumblr.com/b4ad279200bfe92eb841012502050a24/2ef176e0fdc352f9-eb/s540x810/87e58d9fe7306a944d83c6e63fec67fe67006943.gifv,2020,December,12/7/2020,199,4776,10
20,NYC Nutrition Accessibility,Website,Website,,Map Dataviz,Data visualization website.,-,Digital,https://karynnakamura.com/post/640719083806031872/nyc-nutrition-accessibility-map-based-interactive,https://64.media.tumblr.com/4c1f9d41916f746cc72f79f183dde6cb/09c05d71a43be7c1-be/s1280x1920/c6ca09b6a0eea73a039308f82f18879852b779c3.png,2020,December,12/11/2020,203,4872,37
21,Note Bleed,Experience,Audiovisual,,Piano,Interactive audiovisual experience on piano.,Piano,Physical,https://karynnakamura.com/post/640720263554744320/note-bleed-see-full-audiovisual-below-made-in,https://64.media.tumblr.com/22aabd8964af3aa65d9d9a50a327f931/5b81e4ce2ba07394-43/s540x810/83e33c91d4744d590a03980ff241d5167b051bca.gifv,2020,December,12/16/2020,208,4992,5
22,Tame Impala Currents Audiovisual,Video,Audiovisual,,Distorted,Audiovisual video.,-,Digital,https://karynnakamura.com/post/641389091062153216/album-cover-audiovisual-tame-impala-currents,https://64.media.tumblr.com/360b7d975ce81917c313a631030e7385/fb18d0b3dc8f9b26-9b/s540x810/728a6b3a607153820f8463bc0258b3a9478498c3.gifv,2020,December,12/26/2020,218,5232,23
23,Badumdumdumdumbzzzzzzz,Image,Graphic Design,,Distorted,Distorted image.,-,Digital,https://karynnakamura.com/post/645244700980363264/acid-wash-your-music-badumdumdumdumbzzzzzzz,https://64.media.tumblr.com/053a1ee9f1ee3b87674fff79113dc416/2e7f980d4e9b19d0-4d/s2048x3072/1a3fdf278454b109936ff9c3401594543fd16e6d.jpg,2021,January,1/2/2021,225,5400,0.5
24,Audio + Visual Distortions,Experience,Audiovisual,,Distorted,Interactive audiovisual program.,-,Digital,https://karynnakamura.com/post/645251969487945728/audio-visual-distortions-video-is-distorted-on,https://64.media.tumblr.com/e96539583b9d6e1dc3970518178375ef/523813453829a73b-cb/s640x960/13ae96c719fc98e96d808671bc4d6a06a7526128.gifv,2021,January,1/20/2021,243,5832,2
25,What is noise?,Video,Motion Graphics,,Distorted,Audiovisual Video.,-,Digital,https://karynnakamura.com/post/645254641087578112/what-is-noise-a-three-part-series-of-the,https://64.media.tumblr.com/094687aab3a57cc193c5f355640f5f7b/05de8610095a2306-d6/s640x960/1e2c58bee9352d98566273fb2f588616cb183841.gifv,2021,January,1/24/2021,247,5928,15
26,Lord of the Rings,Object,Misc,,"Destruction, Analog",Glitched DVD.,DVD,Physical,https://karynnakamura.com/post/653177589889892352/i-scratched-my-name-into-a-lord-of-the-rings-dvd,https://64.media.tumblr.com/f3a121a71baa41c21b24dda64dc51651/cad1d4767e63c679-ab/s1280x1920/5e58152da18a9c784eb380d47c68516cdb77eef5.jpg,2021,February,2/3/2021,257,6168,0.2
27,CALCULAT,Program,Misc,,Destruction,Custom program on TI-84.,-,Digital,https://karynnakamura.com/post/653178334854905856/a-program-i-wrote-on-my-ti-84-called-calculat-that,https://64.media.tumblr.com/176f890ba73f57e503f6bcd70182d85c/8a3260c4c2c1a72d-e5/s1280x1920/a1d25d41ce8fbaa48915139cffc2197ad4245e0f.png,2021,February,2/5/2021,259,6216,0.2
28,DIY WORLD MAP FOR CARTOGRAPHIC NIHILISTS,Website,Website,,"Destruction, Map Dataviz",Interactive map website.,-,Digital,https://karynnakamura.com/post/646822889770926081/diy-world-map-for-cartographic-nihilists-map,https://64.media.tumblr.com/283b14a4ac9b22f634052e7794d09e6c/8576f7c32c24322d-84/s640x960/ffc0d1681aeaf9f6603b50d9caa1171c0c73c369.gifv,2021,February,2/25/2021,279,6696,50
29,Buzz,Video,Audiovisual,,Distorted,"Audiovisual Video, ",-,Digital,https://karynnakamura.com/post/645252481048330240/buzz-audio-used-to-distort-video-see-full-video,https://64.media.tumblr.com/06048914b3a560a6df3118ee5d0545fa/bca5638c765d344e-be/s640x960/0d6927a374a95b283726b53dbc463019ee021bd8.gifv,2021,March,3/10/2021,292,7008,2
30,a pile of disposed keys,Experience,Audiovisual,,"Destruction, Piano",Interactive audiovisual experience on piano.,Piano,Physical,https://karynnakamura.com/post/646823765820456960/a-pile-of-disposed-keys-piano-keys-one-time-use,https://64.media.tumblr.com/d6225ab877f2200bcb8c78bd11cef699/33a28bb918ba0052-0d/s640x960/efc339ef639dbd35defe95c8d85e397e318adaa3.gifv,2021,March,3/16/2021,298,7152,20
31,musical construction,Experience,Audiovisual,,"Destruction, Piano, ",Interactive audiovisual experience on piano.,Piano,Physical,https://karynnakamura.com/post/646824027942420480/musical-construction-wobbly-toppling-bad,https://64.media.tumblr.com/b65c240d8d7095df4f62272d4b986f36/255ddaabea7f2349-28/s640x960/7a16b1fa191c5c1a508eeb721fed36937e368904.gifv,2021,March,3/18/2021,300,7200,9
32,Binocular Bach,Video,Audiovisual,,"Piano, Performance",Audiovisual Performance.,-,Digital,https://karynnakamura.com/post/646825345401683968/binocular-bach-bachs-partita-no1-in-b-flat,https://64.media.tumblr.com/26ae00452a4cd0ebf638a69016167c51/c57f043590161869-a9/s640x960/3317c579445cab98c200dbd91c2673e02d655dfe.gifv,2021,March,3/27/2021,309,7416,16
33,(Folding folding),Video,Misc,,,3D animation.,-,Digital,https://karynnakamura.com/post/650963404315623424/folding-a-video-of-me-folding-a-paper-plane-into-a,https://64.media.tumblr.com/b5224c379ef3918f4e34d497d2e7ccc1/6fd07a8f129c28ef-37/s640x960/290e7a8b4fe881c852b38252056f9a5833ced7e5.gifv,2021,April,4/2/2021,315,7560,2
34,Website for MIT Infinite Magazine,Website,Graphic Design,,,Interactive website.,-,Digital,https://karynnakamura.com/post/650960959960154112/website-for-mit-infinite-magazine-designed-and,https://64.media.tumblr.com/06baf2b24a7cff5268298b39e13f6eae/2f5dc8dd012e75ba-6b/s640x960/6a9b701724b52049ca021bc432e62bd206734642.gifv,2021,April,4/16/2021,319,7656,37
35,,Video,Motion Graphics,,,Motion Graphics.,-,Digital,https://karynnakamura.com/post/650963296460177408/silky-spinny-thing,https://64.media.tumblr.com/d832f18d7f1df62fe246935d222322f8/9133c32eb9bec375-3e/s540x810/82a7528ce3dc26c36a596719bc0e2ff3f5b473a5.gifv,2021,April,4/17/2021,320,7680,1
36,North America sandwich,Image,Graphic Design,,"Destruction, Map",Distorted map.,-,Digital,https://karynnakamura.com/post/650962882069135360/north-america-sandwich-and-a-shattered-world,https://64.media.tumblr.com/c57c1dbdc8cfcc615e752c429bca3942/47ac2c35614b6970-c4/s1280x1920/ede45c90081c54c5455a331a9996ccad8e8210cc.png,2021,April,4/22/2021,325,7800,0.3
37,,Video,Motion Graphics,,,Motion Graphics.,-,Digital,https://karynnakamura.com/post/650965246738104320,https://64.media.tumblr.com/f673e28adc22f732cc371dcdf5c43f95/b7df386e1c67c1df-a8/s400x600/fbf7651b52752e063278555b536f40f72d487fc3.gifv,2021,April,4/26/2021,329,7896,2
38,Deconstruction Site,Video,Misc,,Destruction,Glitched audio and image.,-,Digital,https://karynnakamura.com/post/650983369984933888/deconstruction-site-reconstruction-site-by-the,https://64.media.tumblr.com/4f679719175306968253de629333f040/e2bf87d4b8f5f9d8-c9/s1280x1920/add1c6c675bc2563c73b1fb35d165c5e3c974270.jpg,2021,May,5/2/2021,335,8040,1
39,Schoenberg Scribble,Video,Audiovisual,,"Destruction, Piano, Performance",Audiovisual Performance.,-,Digital,https://karynnakamura.com/post/652128447329615872/schoenberg-scribble-schoenbergs-drei,https://64.media.tumblr.com/01f887a1f28e7cf6551a0c659e2a8527/b47ee82d27551f78-f0/s640x960/e6c65cd136749e78c4dd0d92b80d06a87b5bbc2f.gifv,2021,May,5/7/2021,340,8160,20
40,Kapustin Etude no.3 Toccatina,Video,Misc,,"Fucking with people, Piano, Performance",Muted piano performance.,-,Digital,https://karynnakamura.com/post/652128270570127360/kapustin-etude-no3-toccatina-muted-full-video,https://64.media.tumblr.com/6bcf68a2e762c2de84495739ebbce4cf/ae284d1d6719835c-bd/s1280x1920/49253a3450683af0491980389890fb1fed33c0e6.jpg,2021,May,5/17/2021,350,8400,0.5
41,Automatic Rain 2021,Website,Website,,Fucking with people,Website.,-,Digital,https://karynnakamura.com/post/652130325058781185/automatic-rain-2021-in-1995-net-artist-duo-jodi,https://64.media.tumblr.com/5774565ad1e9fcbe3dd5dc8c7418946e/fd5befc743a82691-67/s640x960/6f9f75f5a3e230bd81bee9ef7bb797561851bb08.gifv,2021,May,5/19/2021,352,8448,3
42,flowy red,Video,Motion Graphics,,,Motion Graphics.,-,Digital,https://karynnakamura.com/post/652128750472986624/flowy-red-longer-video-here,https://64.media.tumblr.com/e2ff0506185e2688832b1da0e82caeab/9231c6a485abf61a-be/s500x750/ba14d97a70c43e1e0f9b2f2b87d22811ae90aafa.gifv,2021,May,5/21/2021,354,8496,2
43,DON’T CLICK,Website,Website,,Fucking with people,Interactive website.,-,Digital,https://karynnakamura.com/post/652130783597903872/that-is-all-fyi-i-made-a-cute-congrats-animation,https://64.media.tumblr.com/ed8396d7572b8ef34ae4082cbd985272/48796f316447a8c4-e0/s640x960/abc3c712e8c5c7c1d3b7f06519547a71564729a7.gifv,2021,May,5/25/2021,358,8592,1
44,Welcopedia,Website,Website,,Fucking with people,Interactive Website.,-,Digital,https://karynnakamura.com/post/652131143701921792/welcopedia-wome-to-wikipedia-welcone-to-wikipedia,https://64.media.tumblr.com/2a6b88c7323f95a5b79e4a12d7060659/2d05210456840203-0f/s1280x1920/3a2793757ad79042aa512a5bffa8d5e6e88cd164.png,2021,May,5/26/2021,359,8616,5
45,Mondrian Wiki,Website,Website,Graphic Design,,Interactive Website.,-,Digital,https://karynnakamura.com/post/652131431969095680/mondrian-wiki-piet-mondrian-wikipedia-page,https://64.media.tumblr.com/836e805075cd5be0dc4bbc1d32980531/0c7da6caeee157f3-d8/s640x960/55ce8dfd0a34de1829a27c2ed133d2872b1957ae.gifv,2021,May,5/27/2021,360,8640,3
46,RESUME,Website,Website,,Fucking with people,Interactive Website.,-,Digital,https://karynnakamura.com/post/653181644033884160/my-resume-page-visit-here,https://64.media.tumblr.com/994f0f1fcee1b140a0b6426d5d4f9bc1/68ef74e7db1cc090-4a/s1280x1920/60d1125f1b47cdfe82e5fd1f38eb47bc33412ae0.png,2021,May,5/30/2021,363,8712,2
47,monopo NYC,Website,Website,Motion Graphics,,Interactive web animation.,-,Digital,https://karynnakamura.com/post/653181557206663168/monopo-nyc-animation-and-interactivity-for-monopo,https://64.media.tumblr.com/ddf59734ed8e676265eb3173ea4da802/67c00d049f92f517-3c/s540x810/a709c266fd43b6835cf72307040414922bed2d76.gifv,2021,June,6/5/2021,369,8856,20
48,GOOD MORNING AMERICA,Website,Website,,,Interactive Website.,-,Digital,https://karynnakamura.com/post/656517699464314880/good-morning-america-website-where-you-can-read,https://64.media.tumblr.com/bb16db8b2510978d2675e60b08395bec/7c3253bc41d9f529-dc/s540x810/7c2bf7fea13cd66c9b88dc90e765c0c383c0622f.gifv,2021,June,6/6/2021,370,8880,1
49,i hacked the world,Image,Misc,,"Destruction, Map, Performance",Glitched map and performance.,-,Digital,https://karynnakamura.com/post/656518489854590977/i-hacked-the-world-here-is-a-video-where-i-zoom,https://64.media.tumblr.com/9614aa562b7ec102bbbdcde138d91147/521d5d71791ff98b-e5/s1280x1920/ed049a890845cd258c9e30266823903de60a208c.png,2021,June,6/8/2021,372,8928,3
50,New Media Art x Neo Shibuya TV Fluidy Visual,Video,Motion Graphics,,,Motion Graphics.,-,Digital,https://karynnakamura.com/post/656519153340022785/new-media-art-x-neo-shibuya-tv-fluidy-visual-i,https://64.media.tumblr.com/bda5dc9753af1ea3b1b75dcf549d88da/963378b651728147-99/s540x810/718a8f9f5f6921598bc41ca70932528f3f221aad.gifv,2021,June,6/9/2021,373,8952,2
51,JELLOOOO,Experience,Projection,,,Interactive projection.,"Projector, Kinect",Physical,https://karynnakamura.com/post/656520757614149632/jelloooo-longer-video-below-also-includes-mouse,https://64.media.tumblr.com/5a912502b0a902c63705c13916dcd07b/3e8fd56dfbb6c2c6-5a/s540x810/12eecbebab1fb1ecd150dc32ae992259fcfba4b9.gifv,2021,June,6/12/2021,376,9024,6
52,BLEED no.1,Experience,Projection,,,Interactive projection.,"Projector, Kinect",Physical,https://karynnakamura.com/post/656520207855190016/bleed-no1-longer-video-below,https://64.media.tumblr.com/88b4b282a5f00869bd6c44490fcdfb6f/626a2438754d01a3-cf/s540x810/ceaebb8f41c1a874cfc5074b7a3f1ede5491dd65.gifv,2021,June,6/14/2021,378,9072,14
53,BLEED no.2,Experience,Projection,,,Interactive projection.,"Projector, Kinect",Physical,https://karynnakamura.com/post/656520154055901184/bleed-no2-longer-video-below,https://64.media.tumblr.com/89e41ed49ca3b97a33999b7818adc7fd/9529be22319ccd67-cb/s540x810/2b4a63596716db36c3779b496d966166f41bce08.gifv,2021,June,6/15/2021,379,9096,6
54,FEEDBACK LOOP VORTEX,Experience,Projection,,,Interactive projection.,"Projector, Camera",Physical,https://karynnakamura.com/post/656521628961964032/feedback-loop-vortex-longer-video-below,https://64.media.tumblr.com/72a9806749875755d1ff5b4ed7765777/310a86a3c8dd84a5-6e/s540x810/78d196e66862bfad887f7bf391a70f59403fa6dc.gifv,2021,June,6/17/2021,381,9144,3
55,BLEND,Experience,Projection,,,Interactive projection.,"Projector, Kinect",Physical,https://karynnakamura.com/post/656521222061948928/blend-longer-video-below,https://64.media.tumblr.com/31a45c9dfc353e0f58909cc8de063b6f/1de012c64b991f6a-31/s540x810/70972ee9e1f90137fbc46f100e353185c9219e04.gifv,2021,June,6/18/2021,382,9168,3
56,SUPER POWERSSSS!!11!!1,Experience,Projection,,,Interactive projection.,"Projector, Kinect",Physical,https://karynnakamura.com/post/656521847273324544/super-powerssss111-longer-video-below,https://64.media.tumblr.com/44a7d2b0ad784860869b8846ccc497cd/9333db18a124f0ff-2a/s540x810/9db6cb508e00e722fdb2044786d7d38eb13c781c.gifv,2021,June,6/20/2021,384,9216,7
57,a scribble for u,Experience,Projection,,,Interactive projection.,"Projector, Kinect",Physical,https://karynnakamura.com/post/656521955121446912/a-scribble-for-u-an-interactive-installation,https://64.media.tumblr.com/3dc2296e2dba43dd61005a8f7e191dfa/8bf5693736c6769c-ec/s540x810/9f3a23d44baf16c4534187f51a7abd7a48ce832c.gifv,2021,June,6/23/2021,387,9288,9
58,BEHIND???,Experience,Projection,,,Interactive projection.,"Projector, Kinect",Physical,https://karynnakamura.com/post/656522870649962496/behind-longer-video-below,https://64.media.tumblr.com/e4527e20f1f695c8d6cfbabf6f71a130/001029906760228c-cf/s540x810/ff231da690147986cea1f66ed0c237719e248e32.gifv,2021,June,6/26/2021,390,9360,14
59,YOU vs. COMPUTER,Experience,Projection,,"Destruction, Man vs. Machine",Interactive projection.,"Projector, Kinect",Physical,https://karynnakamura.com/post/656523258258145280/you-vs-computer-interactive-installation-where,https://64.media.tumblr.com/f2ca3f299135d6491e54664cd30ec757/007df06cd167cd99-4c/s540x810/c9d07c6cf0c0ecd3e6365faa88b80aed568f369f.gifv,2021,June,6/30/2021,394,9456,25
60,sound as a network,Experience,Audiovisual,,Piano,Interactive audiovisual experience on piano.,Piano,Physical,https://karynnakamura.com/post/661051135861325824/sound-as-a-network-each-line-follows-a-note-from,https://64.media.tumblr.com/7034b594f2bb6c53b4fbb1b3db7110d0/ca4af661dab6be62-d1/s540x810/948f600e142d7503da25091b2b71f796eb576950.gifv,2021,July,7/10/2021,404,9696,40
61,the soul and the body.,Experience,Projection,,Digital bodies,Interactive projection with live physics.,"2 Projectors, Kinect",Physical,https://karynnakamura.com/post/661051437397295104/the-soul-and-the-body-a-series-of,https://64.media.tumblr.com/8552a461e5848c4215e6fd6f9bf1580c/3103334974dc1727-ec/s540x810/954029c4d15851e305dffacb4ddb4ab6754faf23.gifv,2021,July,7/13/2021,407,9768,42
62,my brain trying to get my body up in the morning,Experience,Projection,,Digital bodies,Interactive projection with live physics.,"2 Projectors, Kinect",Physical,https://karynnakamura.com/post/661060816668409856/my-brain-trying-to-get-my-body-up-in-the-morning,https://64.media.tumblr.com/cb3fe44b13ba11a3e3088322ee867086/ec6ee77d9969484a-7b/s540x810/80590a98704bd913487ab76b6b93894b0ccc119d.gifv,2021,July,7/15/2021,409,9816,8
63,it’s raining little people. they’re actually all you.,Experience,Projection,,Digital bodies,Interactive projection with live physics.,"2 Projectors, Kinect",Physical,https://karynnakamura.com/post/661065226939187200/its-raining-little-people-theyre-actually-all,https://64.media.tumblr.com/90ae3ad21f5064cdcafe5142ea91e85d/2a7d8c90d1df1481-b3/s540x810/80c49e19451e1232de35b43ad694f8af30343fe3.gifv,2021,July,7/16/2021,410,9840,5
64,letters ascending. letters falling.,Experience,Projection,,Performance,Interactive projection with live physics.,"2 Projectors, Kinect",Physical,https://karynnakamura.com/post/661065464348327936/letters-ascending-letters-falling-full-video,https://64.media.tumblr.com/8c2f57bdae7b2267d912bc42617c02ae/e01fb8899f617375-08/s540x810/cee11db6f21fa953eeb59ade01f1dce471374823.gifv,2021,July,7/19/2021,413,9912,12
65,BOOM BOOM,Experience,Projection,,,Interactive projection.,"2 Projectors, Kinect",Physical,https://karynnakamura.com/post/661066575371173888/boom-boom-and-boom-boom-boom-the-circle-explodes,https://64.media.tumblr.com/621e3cec58c8776c5993f457c242d218/2a11cd97b3facb93-52/s540x810/dabcc1f329c520b709e4696760452ceb6f0f013d.gifv,2021,July,7/22/2021,416,9984,46
66,BOOM BOOM BOOM BOOM,Experience,Projection,,,Interactive projection.,"2 Projectors, Kinect",Physical,https://karynnakamura.com/post/661066750469767168/boom-boom-boom-boom-more-of-me-chasing-circles,https://64.media.tumblr.com/f0042111f9a9799c6412ee6829d75887/e785a3afdf43029c-e9/s540x810/ec44db7c6c77b75ea9a4c4658b33c72a5eac6a0b.gifv,2021,July,7/23/2021,417,10008,6
67,hybridmoment.com IRL !!,Experience,Projection,,,Interactive projection.,"2 Projectors, Kinect",Physical,https://karynnakamura.com/post/661066040306008064/hybridmomentcom-irl-i-really-love-the-website,https://64.media.tumblr.com/fe39a9edbd69012d39985620903acace/1d82b992279eaf93-e1/s540x810/d3be188b6399edf07749683449460b7df7d87778.gifv,2021,July,7/24/2021,418,10032,2
68,piano trails 90,Experience,Projection,Audiovisual,Piano,Interactive audiovisual projection with piano.,"2 Projectors, Keyboard",Physical,https://karynnakamura.com/post/661068463850274818/piano-trails-90-lines-shoot-up-from-the-keys,https://64.media.tumblr.com/d4ed56e35ce3cba256b6f388627ff1b8/6f252fae78654d5b-02/s500x750/4ab61c066e4bd0921ea19930b149f3d5af87fd38.gifv,2021,August,8/6/2021,431,10344,16
69,piano trail scribble,Experience,Projection,Audiovisual,Piano,Interactive audiovisual projection with piano.,"2 Projectors, Keyboard",Physical,https://karynnakamura.com/post/661068787479642112/piano-trail-scribble-play-to-scribble-colors,https://64.media.tumblr.com/eef523351e5d2c273fd98ea2b8c7d93a/ddd7d011ed2029dd-65/s540x810/4fbb6185efb2a207f7ca2c011c9760aa7ee0c88e.gifv,2021,August,8/7/2021,432,10368,8
70,piano wobbly strings,Experience,Projection,Audiovisual,Piano,Interactive audiovisual projection with piano.,"2 Projectors, Keyboard",Physical,https://karynnakamura.com/post/661069382085181440/piano-wobbly-strings-yeah-full-video-here,https://64.media.tumblr.com/80d78608c04ff73283492d1e9b69fc34/f52f38f6e5907357-da/s400x600/7a73b62dddb066bf62324fa618c296268bb0e564.gifv,2021,August,8/12/2021,437,10488,15
71,piano barcode,Experience,Projection,Audiovisual,Piano,Interactive audiovisual projection with piano.,"2 Projectors, Keyboard",Physical,https://karynnakamura.com/post/661069580949749760/piano-barcode-looks-most-like-a-barcode-when-you,https://64.media.tumblr.com/50dcbc0681ac95c72f39d80b95456468/b2f0f673ee1183a0-10/s400x600/ff64aeed899a8a92ce629f50257bab338e0000cb.gifv,2021,August,8/13/2021,438,10512,2
72,piano smoke,Experience,Projection,Audiovisual,Piano,Interactive audiovisual projection with piano.,"2 Projectors, Keyboard",Physical,https://karynnakamura.com/post/661069708145147904/piano-smoke-poof-full-video-here,https://64.media.tumblr.com/ec2f6494a2deb703780f65dd76a374b5/8399c1d6aa044005-89/s400x600/ca7746856d2758816ff7dfabf314f84dc545d937.gifv,2021,August,8/20/2021,445,10680,2
73,Helvetica Bold 17 Degrees,Experience,Installation,,Analog,Permanent Installation.,,Physical,https://karynnakamura.com/post/671413285839601664/helvetica-bold-17-degrees-east-campus-mit-i,https://64.media.tumblr.com/0d4fbfcfff25a32e2f1b31019d2db299/246e3cc6023c4770-4d/s1280x1920/1e8944b6bb22afb3c89d07fe35afc4723bc880d2.jpg,2021,September,9/1/2021,457,10968,70
74,ghosty,Experience,Projection,,Digital bodies,Interactive projection.,"2 Projectors, Kinect",Physical,https://karynnakamura.com/post/671412545543962624/ghosty-full-video-below,https://64.media.tumblr.com/3a5c79b09cd792bf44c786dfa1ee4c78/ebab85ec6cff4263-ee/s540x810/7da42d0d8b0d772146999f76a732c030038a2bd7.gifv,2021,September,9/6/2021,462,11088,2
75,DUEL,Experience,Projection,Audiovisual,,Interactive audiovisual projection with two pianos.,"Projector, 2 keyboards",Physical,https://karynnakamura.com/post/671413914648592384/duel-two-keyboards-emitting-flames-isnt-that,https://64.media.tumblr.com/4b884bc5b2f4277fa7eab6e3df62d3c4/31b4a6525ac87ba5-69/s540x810/6d607a683058e3dd560c93bec0a928d7c98ea33d.gifv,2021,September,9/13/2021,473,11352,8
76,sculpture project 2,Video,Projection,,"Digital bodies, Performance","Interactive projection with live physics, paper sculpture, and performance.","2 Projectors, Kinect, Paper",Digital,https://karynnakamura.com/post/671415769240895488/sculpture-project-2-i-dropped-myself-onto-myself,https://64.media.tumblr.com/f1ca4e273842f56401fa7a405e5ec0bc/c9b00e818e105d84-20/s1280x1920/d6a57d8c0634df199b8bc11d061766f847df6d97.png,2021,September,9/17/2021,477,11448,6
77,MAPP MONTREAL 2021,Experience,Projection,Audiovisual,,Interactive audiovisual projection with two piano keyboards.,"2 Keyboards, 4 Projectors",Physical,https://karynnakamura.com/post/665483666273779713/mapp-mtl-2021-montreal-canada-923-252021,https://64.media.tumblr.com/5ab2718bf2a50b0eb49a3e3bbb5665bf/a0c5bd5a3a775135-5a/s1280x1920/c571c76a21f532a2a481b0af18f6491db30e0c33.jpg,2021,September,9/23/2021,483,11592,30
78,"Me, Anna, and 3D printer",Video,Audiovisual,,"Man vs. Machine, Speech","Audiovisual program, pen plotter drawing, and audiovisual video.",Plotter drawing,Physical,https://karynnakamura.com/post/671438682734149632/me-anna-and-3d-printer-this-is-a,https://64.media.tumblr.com/91c2dbe99b2325a975cf5e792089c0ac/ebe1a3de2f27d218-a3/s1280x1920/d542a81caad4c5eac980c6e37963c283e35c7800.jpg,2021,October,10/1/2021,491,11784,6
79,FEEDBACK GONE ROGUE,Experience,Projection,,Event,Interactive projection.,"Projector, Kinect",Physical,https://karynnakamura.com/post/671416125554294784/feedback-gone-rogue-longer-video-below,https://64.media.tumblr.com/4b26602f61cc8a7502682247862ba734/072e6a1df66000c1-93/s540x810/5d068d64e6ceff786f3de9c33b37b7e728616d8c.gifv,2021,October,10/25/2021,515,12360,8
80,blob flowy person,Experience,Projection,,Event,Interactive projection.,"Projector, Kinect",Physical,https://karynnakamura.com/post/671418729471655936/blob-flowy-person-like-ten-more-seconds-in-video,https://64.media.tumblr.com/6542b67a5d8229fc8f7bc6465c5fada7/7aa6119f2cd677db-fc/s540x810/df4b4937e325a5430d0db60a853bf429294137bd.gifv,2021,October,10/27/2021,517,12408,4
81,thermo flowy person,Experience,Projection,,Event,Interactive projection.,"Projector, Kinect",Physical,https://karynnakamura.com/post/671418503489781760/thermo-flowy-person-mit-hayden-library-wall,https://64.media.tumblr.com/6093b2c64278fb5a2021ed650e073a2c/ab52091bcf7ce8d8-61/s540x810/df4fbe026d6cc54c9bd2f32b3eb9c29bc676a00a.gifv,2021,October,10/28/2021,518,12432,4
82,the Jon Rafman corner of my room.,Experience,Installation,,Analog,-,"Misc ewaste, posters",Physical,https://karynnakamura.com/post/671429283999268864/the-jon-rafman-corner-of-my-room,https://64.media.tumblr.com/6aa3c4db9f83df9b3cc5b2e1a1007343/35ee102b5abde424-51/s1280x1920/5b6624d9ed12bb05340bc2e7ff44cf4a73baeaf7.jpg,2021,October,10/31/2021,521,12504,0.2
83,BATTERY,Experience,Projection,,"Fucking with people, Event",Projection for event.,,Physical,https://karynnakamura.com/post/671427439325511680/battery-mit-kendall-square-open-space-1132021,https://64.media.tumblr.com/716b4ce148d9237db961724cff72359b/9ef1d4922d18916e-20/s1280x1920/600dbbb26380eabcb8c21e7ee1139fc8d232ed5f.jpg,2021,November,11/3/2021,524,12576,2
84,depth thing,Experience,Projection,,Perception,Interactive Projection.,Projector,Physical,https://karynnakamura.com/post/671425678728658944/depth-thing-mit-building-7-4th-floor-demo-with,https://64.media.tumblr.com/fe71b216c145b42d2b84b38f0d94f214/d49b0637676adfc3-30/s540x810/b737890b8ab4fcaf3dba459cfe4e9e2099b4692a.gifv,2021,November,11/6/2021,527,12648,3
85,exploding letters,Experience,Projection,Graphic Design,,Interactive Projection.,Projector,Physical,https://karynnakamura.com/post/671422273400553472/exploding-letters-mit-building-7-4th-floor-type,https://64.media.tumblr.com/95a9b9f486b79f9fce64782b69f1324b/f373a2b7b7f75742-4a/s1280x1920/0b8c1050682f3cbdef5aa8bcc882947ca524ee05.png,2021,November,11/7/2021,528,12672,18
86,Audio Droplets,Experience,Projection,Audiovisual,Speech,Interactive Projection with live physics.,Projector,Physical,https://karynnakamura.com/post/671422843465121792/audio-droplets-mit-building-7-4th-floor-audio,https://64.media.tumblr.com/54dee3d588079f058db399f36b302016/e2a2a23991d49ae7-21/s540x810/cb4b013f09834774ed38c0021c6f1da0e924bfa4.gifv,2021,November,11/8/2021,529,12696,4
87,data for dinner,Video,Projection,,"Fucking with people, Event",Video screening performance.,3 Projectors,Physical,https://karynnakamura.com/post/671429167284469760/data-for-dinner-mit-26-100-11112021-mystery,https://64.media.tumblr.com/15563bb688edb52d937b4a3b86a3c6bc/ec29b006c518b309-fc/s1280x1920/cb695caa3f4b2d5cf95497bbe8026787b1b90ff6.jpg,2021,November,11/11/2021,532,12768,1
88,technilogiefjs,Experience,Projection,,,Interactive projection.,"Projector, Arduino, LED",Physical,https://karynnakamura.com/post/671427712948240384/technilogiefjs-guys-look-at-that-i-turned-an,https://64.media.tumblr.com/8a2cb6a2fd11f78beb94d9227b19ddfe/48a8137f391c2309-5b/s540x810/a5e50c2f73aef8264b96c917dc207d73b2cd1ed3.gifv,2021,November,11/12/2021,534,12816,0.3
89,orientation 101,Object,Projection,,Destruction,Projection installation.,Projector,Physical,https://karynnakamura.com/post/671430751143723008/orientation-101-duchamp-corrected-urinal,https://64.media.tumblr.com/c7f0ab4834901d1130b91ecf1cde401d/09dcf24d65a846b7-12/s1280x1920/63bbbd113b8b5d8ff784d56450efc01bc7f5bba6.jpg,2021,November,11/17/2021,539,12936,0.1
90,SEE NO PIXEL HEAR NO PIXEL SPEAK EVIL,Experience,Projection,,"Destruction, Event",Interactive projection event.,"3 Projectors, Kinect",Physical,https://karynnakamura.com/post/671430059970658304/see-no-pixel-hear-no-pixel-speak-evil-mit-26-100,https://64.media.tumblr.com/ba7f8307e7b1fa2875dc7d9a49bf8458/8ba197112aa45372-c9/s1280x1920/db73f8ade1fa1ce540bd39149cbc0f5bcf3121b6.png,2021,November,11/22/2021,544,13056,40
91,PEACE AND ABSTRACTION,Video,Graphic Design,,,Video filter.,-,Digital,https://karynnakamura.com/post/671431314962104320/peace-and-abstraction-demo-for-my-vision-class,https://64.media.tumblr.com/8509680a311d87b4c968babad2ddf48d/16fbeec04100bb5f-f0/s540x810/221e70ce94383c57d0f19d7b44f875b1fd29231a.gifv,2021,November,11/30/2021,552,13248,0.2
92,Lighting for Ants,Experience,Installation,,"Lighting, ",Light show.,"40 theater lights, a piece of paper, and a nail",Physical,https://karynnakamura.com/post/671613684322287616/lighting-for-ants-micro-lighting-show-for-ants,https://64.media.tumblr.com/934c1d3a1cecd786c15ead37d4a8c04d/7610ff45fa349f2e-b0/s1280x1920/0e0a9d1ed0416c90b1e660aece457027f2081ce4.jpg,2021,December,12/1/2021,553,13272,5
93,MIT Stratton Student Center Third Floor Windows,Experience,Projection,,Event,Rear projection on multiple windows.,"4 projectors, rear projection sheets",Physical,https://karynnakamura.com/post/671616432568729600/mit-stratton-student-center-projection-1292021,https://64.media.tumblr.com/88995bd1b2315b64fbb0c9d235e4ff21/80280b81bf3ee77e-72/s1280x1920/8b4c3c23f9fb9550de9968283fc4fc119d07fa82.png,2021,December,12/9/2021,561,13464,5
94,Gradient map on blowing sheet,Experience,Projection,Installation,"Wind, Perception",Projection installation.,"1 box fan, 1 sheet of voile, 1 projector",Physical,https://karynnakamura.com/post/671433492353122304/gradient-map-on-blowing-sheet-color-below-bw,https://64.media.tumblr.com/0d6e19304f404071d93925bd7ec5fa98/a524c80c94ac52fd-69/s1280x1920/040bcce1a630b488f88e9143af310ba172c995bb.png,2021,December,12/10/2021,562,13488,4
95,Voile Projection 2,Experience,Projection,Installation,Wind,Projection installation.,"7 box fans, 10 sheets of voile, 1 projector",Physical,https://karynnakamura.com/post/671617115653128192/dlsifjefjslaef-longer-video-below,https://64.media.tumblr.com/4547c9892eed4cd674a881f60cc5aef8/2bf97f000a448114-99/s540x810/87b54a5ee7bc58a341dd8262afd75da1aaacdfbc.gifv,2021,December,12/12/2021,564,13536,0.5
96,Voile Projection 1,Experience,Projection,Installation,Wind,Projection installation.,"7 box fans, 10 sheets of voile, 1 projector",Physical,https://karynnakamura.com/post/671616836752769024/pov-u-are-inside-of-ur-computer-longer-video,https://64.media.tumblr.com/fd84de3aab63cd96863fcdd30bb3cd44/a2ff37f179343923-30/s540x810/2d9f354a7838f679338c0efc60297d141ace48b9.gifv,2021,December,12/13/2021,565,13560,0.5
97,ACTIVATE GLOSS,Experience,Projection,Installation,"Wind, Perception, Lighting",Projection installation.,"7 box fans, 10 sheets of voile, 1 projector",Physical,https://karynnakamura.com/post/671795455718555648/activate-gloss-video-below,https://64.media.tumblr.com/a49688fb457326fbaa477ea1816289b7/34a5e8146ec428dc-46/s1280x1920/c3a7c291f2fd5276ecc175f2023aad5ea1930afe.png,2021,December,12/14/2021,566,13584,2
98,Nothing.,Experience,Installation,,"Wind, Perception, Lighting",Lighting installation.,"7 box fans, 4 theater lights, 10 sheets of voile",Physical,https://karynnakamura.com/post/671644114900631552/nothing-an-enclosure-of-air-air-flow-is-this,https://64.media.tumblr.com/21e5b93fb59c0514262251ae406cd4c1/5b3c102a1f232b7d-9a/s1280x1920/d0142f901d0e1b65c97bd01652eea2db2599d638.jpg,2021,December,12/15/2021,567,13608,100